institution,course_name,url,badges,also_offered_with_languages,partner_subjects,raw_variant_count
St Andrews,MA (hons) international relations,http://www.st-andrews.ac.uk/subjects/international-relations/international-relations-ma/,Year abroad,"Arabic, Chinese, French, German, Italian, Latin, Persian, Russian, Spanish",,60
St Andrews,MA (hons) film studies & international relations,http://www.st-andrews.ac.uk/subjects/film-studies/film-studies-ma/,Year abroad,,film studies,1
St Andrews,MA (hons) international relations & psychology,http://www.st-andrews.ac.uk/subjects/international-relations/international-relations-ma/,Year abroad,,psychology,1
St Andrews,MA (hons) international relations & sustainable development,http://www.st-andrews.ac.uk/subjects/international-relations/international-relations-ma/,Year abroad,,,1
London School of Economics,BSc (hons) international relations,https://www.lse.ac.uk/study-at-lse/undergraduate/bsc-international-relations,Year abroad,Chinese,,2
London School of Economics,BSc (hons) politics & international relations,https://www.lse.ac.uk/study-at-lse/undergraduate/bsc-politics-and-international-relations,Year abroad,,,1
London School of Economics,BSc (hons) international social & public policy with politics,https://www.lse.ac.uk/study-at-lse/undergraduate/bsc-international-social-and-public-policy-with-politics,Year abroad,,,1
Keele,BA (hons) international relations & politics,https://www.keele.ac.uk/study/undergraduate/undergraduatecourses/internationalrelationsandpolitics,"Sandwich year, Year abroad",,,1
Keele,BA (hons) international relations,https://www.keele.ac.uk/study/undergraduate/undergraduatecourses/internationalrelations/#foundationyear,"Foundation year, Sandwich year, Year abroad",,,2
Keele,LLB (hons) law with politics,https://www.keele.ac.uk/study/undergraduate/undergraduatecourses/lawwithpolitics,"Foundation year, Sandwich year, Year abroad",,law,2
Keele,BA (hons) politics,https://www.keele.ac.uk/study/undergraduate/undergraduatecourses/politics/#foundationyear,"Foundation year, Sandwich year, Year abroad",,,2
Keele,BSc (hons) politics & sociology,https://www.keele.ac.uk/study/undergraduate/undergraduatecourses/politicsandsociology/,"Foundation year, Sandwich year, Year abroad",,sociology,2
King's College London,BA (hons) European politics,https://www.kcl.ac.uk/study/undergraduate/courses/european-politics-ba,,,,1
King's College London,BA/BSc (hons) politics,https://www.kcl.ac.uk/study/undergraduate/courses/politics-ba-bsc,,,,1
King's College London,BA (hons) international relations,https://www.kcl.ac.uk/study/undergraduate/courses/international-relations-ba,Year abroad,,,1
King's College London,BA (hons) war studies,https://www.kcl.ac.uk/study/undergraduate/courses/war-studies-ba,Year abroad,,,1
King's College London,BA (hons) international development,https://www.kcl.ac.uk/study/undergraduate/courses/international-development-ba,Year abroad,,,1
King's College London,BA (hons) international development with a year abroad,https://www.kcl.ac.uk/study/undergraduate/courses/international-development-ba,Year abroad,,,1
Glasgow,MA (hons) global sustainable development,https://www.gla.ac.uk/undergraduate/degrees/global-sustainable-development/,,,,1
Glasgow,MA(SocSci) (hons) politics,http://www.gla.ac.uk/undergraduate/degrees/politics/,Year abroad,,,1
Glasgow,MA(SocSci) (hons) international relations,https://www.gla.ac.uk/undergraduate/degrees/internationalrelations/,Year abroad,,,1
Glasgow,MA(SocSci) (hons) politics/ psychology,http://www.gla.ac.uk/undergraduate/degrees/politics/,Year abroad,,psychology,1
Glasgow,MA(SocSci) (hons) international relations & sociology,https://www.gla.ac.uk/undergraduate/degrees/internationalrelations/,Year abroad,,sociology,1
Glasgow,LLB (hons) common law & international relations,https://www.gla.ac.uk/undergraduate/degrees/commonlaw/,Year abroad,,common law,1
Glasgow,MA (hons) film & television studies/ politics,http://www.gla.ac.uk/undergraduate/degrees/filmtelevisionstudies/,Year abroad,,"film, television studies",1
Glasgow,LLB (hons) law/ politics,http://www.gla.ac.uk/undergraduate/degrees/law/,Year abroad,,law,1
Glasgow,LLB (hons) common law/ politics,http://www.gla.ac.uk/undergraduate/degrees/commonlaw/,Year abroad,,common law,1
Glasgow,MA (hons) / politics,http://www.gla.ac.uk/undergraduate/degrees/french/,"Sandwich year, Year abroad","French, German, Portuguese",,3
Glasgow,MA (hons) politics,http://www.gla.ac.uk/undergraduate/degrees/spanish/,"Sandwich year, Year abroad",Spanish,,1
Loughborough,BA (hons) politics & international relations,http://www.lboro.ac.uk/study/undergraduate/courses/a-z/politics-and-international-relations/#variant,"Sandwich year, Year abroad",,,2
Loughborough,BA (hons) international relations,http://www.lboro.ac.uk/study/undergraduate/courses/a-z/international-relations/#default,"Sandwich year, Year abroad",,,2
Loughborough,BA (hons) politics,http://www.lboro.ac.uk/study/undergraduate/courses/a-z/politics/#variant,"Sandwich year, Year abroad",,,2
Liverpool John Moores,BA (hons) international relations & politics,https://www.ljmu.ac.uk/study/courses/undergraduates/2025/36202-international-relations-and-politics-ba-hons,"Foundation year, Sandwich year, Year abroad",,,2
Durham,BA (hons) politics,https://www.durham.ac.uk/study/courses/l200/,"Foundation year, Sandwich year, Year abroad",,,2
Durham,BA (hons) international relations,https://www.durham.ac.uk/study/courses/l250/,"Sandwich year, Year abroad",,,1
Durham,BA (hons) politics & international relations,https://www.durham.ac.uk/study/courses/l253/,"Sandwich year, Year abroad",,,1
Durham,BA (hons) combined social sciences,https://www.durham.ac.uk/study/courses/lmv0/,"Foundation year, Sandwich year, Year abroad",,,2
Essex,BA (hons) international relations,https://www.essex.ac.uk/courses/UG00221/1,"Sandwich year, Year abroad",,,3
Essex,BA (hons) politics & international relations,https://www.essex.ac.uk/courses/UG01124/1,"Sandwich year, Year abroad",,,3
Essex,BSc (hons) politics & international relations,https://www.essex.ac.uk/courses/UG01124/1,"Sandwich year, Year abroad",,,3
Essex,BA (hons) politics,https://www.essex.ac.uk/courses/UG00343/1,"Foundation year, Sandwich year, Year abroad",,,4
Essex,BA (hons) international relations & modern languages,https://www.essex.ac.uk/courses/UG00222/1,Year abroad,,modern languages,1
Essex,BA (hons) American studies (united states),https://www.essex.ac.uk/courses/UG00014/1,"Foundation year, Year abroad",,,3
Essex,BA (hons) global studies,https://www.essex.ac.uk/courses/UG01054/1,Year abroad,,,2
Essex,BA (hons) journalism & politics,https://www.essex.ac.uk/courses/UG01100/1,"Sandwich year, Year abroad",,journalism,3
UCL,BA (hons) European social & political studies: dual degree,https://www.ucl.ac.uk/prospective-students/undergraduate/degrees/european-social-and-political-studies-dual-degree-ba,Year abroad,,"european social, political studies: dual degree",1
UCL,BA (hons) European social & political studies,https://www.ucl.ac.uk/prospective-students/undergraduate/degrees/european-social-and-political-studies-ba,Year abroad,,"european social, political studies",1
UCL,BA (hons) international social & political studies,https://www.ucl.ac.uk/prospective-students/undergraduate/degrees/international-social-and-political-studies-ba,Year abroad,,international social & political studies,1
UCL,BSc (hons) politics & international relations,https://www.ucl.ac.uk/prospective-students/undergraduate/degrees/politics-and-international-relations-bsc,,,,1
UCL,"BA (hons) politics, sociology & east European studies",https://www.ucl.ac.uk/prospective-students/undergraduate/degrees/politics-sociology-and-east-european-studies-year-abroad-ba,Year abroad,,"sociology, east european studies",2
Manchester Met,BA (hons) international relations,https://www.mmu.ac.uk/study/undergraduate/course/ba-international-relations/september-2025/,"Foundation year, Year abroad","French, Spanish",,6
Manchester Met,BA (hons) international relations (with a modern language),https://www.mmu.ac.uk/study/undergraduate/course/ba-international-relations-with-a-modern-language/september-2025/,Foundation year,,,2
Manchester Met,BA (hons) politics,https://www.mmu.ac.uk/study/undergraduate/course/ba-politics/september-2025/,Foundation year,,,2
Sheffield,BA (hons) politics & international relations,https://sheffield.ac.uk/undergraduate/courses/2026/politics-and-international-relations-ba,"Foundation year, Sandwich year, Year abroad",,,2
Sheffield,BA (hons) global sustainable development,https://www.sheffield.ac.uk/undergraduate/courses/2025/global-sustainable-development-ba,"Foundation year, Sandwich year, Year abroad",,,2
Sheffield,BA (hons) politics & modern languages & cultures,https://www.sheffield.ac.uk/undergraduate/courses/2025/politics-and-modern-languages-cultures-ba,Year abroad,,"modern languages, cultures",1
Sheffield,BA (hons) politics & sociology,https://www.sheffield.ac.uk/undergraduate/courses/2025/politics-and-sociology-ba,"Sandwich year, Year abroad",,sociology,1
Birmingham,BA (hons) international relations,https://www.birmingham.ac.uk/undergraduate/courses/govsoc/international-relations.aspx,Year abroad,"French, German, Spanish",,4
Birmingham,BA (hons) politics & international relations,https://www.birmingham.ac.uk/undergraduate/courses/govsoc/politics-international-relations.aspx,,,,1
Birmingham,BA (hons) international relations with year abroad,https://www.birmingham.ac.uk/undergraduate/courses/govsoc/international-relations-year-abroad.aspx,Year abroad,,,1
Birmingham,BA (hons) politics & international relations with year abroad,https://www.birmingham.ac.uk/undergraduate/courses/govsoc/politics-international-relations-year-abroad.aspx,Year abroad,,,1
Birmingham,BA (hons) international development & politics,https://www.birmingham.ac.uk/undergraduate/courses/govsoc/international-development-and-politics.aspx,,,,1
Birmingham,BA (hons) international development & politics with year abroad,https://www.birmingham.ac.uk/undergraduate/courses/govsoc/international-development-and-politics-year-abroad.aspx,Year abroad,,,1
Birmingham,BA (hons) politics,https://www.birmingham.ac.uk/undergraduate/courses/govsoc/politics.aspx,,,,1
Birmingham,BA (hons) politics & sociology,https://www.birmingham.ac.uk/undergraduate/courses/govsoc/politics-sociology.aspx,,,sociology,1
Birmingham,BA (hons) politics & sociology with year abroad,https://www.birmingham.ac.uk/undergraduate/courses/govsoc/politics-sociology-year-abroad.aspx,Year abroad,,sociology,1
Birmingham,BA (hons) politics with year abroad,https://www.birmingham.ac.uk/undergraduate/courses/govsoc/politics-year-abroad.aspx,Year abroad,,,1
Warwick,BA (hons) politics,https://warwick.ac.uk/study/undergraduate/courses/ba-politics,"Sandwich year, Year abroad",,,1
Warwick,BA (hons) politics & international studies,https://warwick.ac.uk/study/undergraduate/courses/ba-politics-international-studies,"Sandwich year, Year abroad",Chinese,,2
Warwick,"BASc (hons) politics, international studies & global sustainable development",https://warwick.ac.uk/study/undergraduate/courses/basc-politics-international-studies-global-sustainable-development,"Sandwich year, Year abroad",,,1
Warwick,BA (hons) politics & sociology,https://warwick.ac.uk/study/undergraduate/courses/ba-politics-sociology,"Sandwich year, Year abroad",,sociology,1
Warwick,"BA (hons) politics, philosophy & law",https://warwick.ac.uk/study/undergraduate/courses/ba-politics-philosophy-law,"Sandwich year, Year abroad",,"philosophy, law",1
Warwick,"BA (hons) politics, international studies",https://warwick.ac.uk/study/undergraduate/courses/ba-politics-international-studies-french,"Sandwich year, Year abroad","French, German, Hispanic, Italian",,4
Aston,BSc (hons) politics with international relations,https://www.aston.ac.uk/study/courses/politics-international-relations-bsc/september-2025,"Sandwich year, Year abroad",,,1
Aston,BSc (hons) international development management,https://www.aston.ac.uk/study/courses/international-development-management-bsc/september-2025,"Sandwich year, Year abroad",,,1
Aston,BSc (hons) international relations & sociology,https://www.aston.ac.uk/study/courses/international-relations-and-sociology-bsc/september-2025,"Sandwich year, Year abroad",,sociology,1
Aston,BSc (hons) politics & sociology,https://www.aston.ac.uk/study/courses/politics-and-sociology-bsc/september-2025,"Sandwich year, Year abroad",,sociology,1
Bristol,BSc (hons) politics & international relations,https://www.bristol.ac.uk/study/undergraduate/2026/politics-international-relations/bsc-politics-and-international-relations/,Foundation year,,,1
Bristol,BSc (hons) politics & international relations with study abroad,https://www.bristol.ac.uk/study/undergraduate/2026/politics-international-relations/bsc-politics-and-international-relations-with-study-abroad/,"Foundation year, Year abroad",,,1
Lancaster,BA (hons) politics & international relations,http://www.lancs.ac.uk/study/undergraduate/courses/politics-and-international-relations-ba-hons-l250/,"Placement year, Sandwich year, Year abroad",,,3
Lancaster,BA (hons) peace studies & international relations,http://www.lancs.ac.uk/study/undergraduate/courses/peace-studies-and-international-relations-ba-hons-ll92/,"Placement year, Sandwich year, Year abroad",,peace studies,3
Lancaster,BA (hons) international relations,http://www.lancs.ac.uk/study/undergraduate/courses/international-relations-ba-hons-6t99/,"Placement year, Sandwich year, Year abroad",,,3
Lancaster,BA (hons) politics,http://www.lancs.ac.uk/study/undergraduate/courses/politics-ba-hons-l200/,"Placement year, Sandwich year, Year abroad","French, German, Spanish",,5
Lancaster,BA (hons) politics & sociology,http://www.lancs.ac.uk/study/undergraduate/courses/politics-and-sociology-ba-hons-ll23/,,,sociology,1
Lancaster,LLB (hons) law with politics,http://www.lancs.ac.uk/study/undergraduate/courses/law-with-politics-llb-hons-m1l2/,,,law,1
Lincoln,BA (hons) international relations,https://www.lincoln.ac.uk/home/course/ISTISTUB/,Year abroad,,,1
Lincoln,BA (hons) international relations & politics,https://www.lincoln.ac.uk/home/course/ISTPOLUB/,Year abroad,,,1
Lincoln,BA (hons) politics,https://www.lincoln.ac.uk/home/course/POLPOLUB/,Year abroad,,,1
Aberdeen,MA (hons) politics & international relations,https://www.abdn.ac.uk/study/undergraduate/degree-programmes/829/L240/politics-and-international-relations/,Year abroad,,,1
Aberdeen,MA (hons) politics & sociology,https://www.abdn.ac.uk/study/undergraduate/degree-programmes/831/LL23/politics-and-sociology/,Year abroad,,sociology,1
Aberdeen,MA (hons) international relations & sociology,https://www.abdn.ac.uk/study/undergraduate/degree-programmes/757/LLF3/international-relations-and-sociology/,Year abroad,,sociology,1
Aberdeen,MA (hons) legal studies & politics,https://www.abdn.ac.uk/study/undergraduate/degree-programmes/778/ML12/legal-studies-and-politics/,Year abroad,,legal studies,1
Aberdeen,MA (hons) international relations & legal studies,https://www.abdn.ac.uk/study/undergraduate/degree-programmes/755/MLC2/international-relations-and-legal-studies/,Year abroad,,legal studies,1
Aberdeen,MA (hons) film & visual culture & international relations,https://www.abdn.ac.uk/study/undergraduate/degree-programmes/613/WL62/film-visual-culture-and-international-relations/,Year abroad,,"film, visual culture",1
Aberdeen,MA (hons) international relations American studies,https://www.abdn.ac.uk/study/undergraduate/degree-programmes/716/RL2K/hispanic-studies-and-international-relations/,Year abroad,"Latin, Spanish",,2
Aberdeen,MA (hons) international relations,https://www.abdn.ac.uk/study/undergraduate/degree-programmes/1856/RLF4/german-and-international-relations/,Year abroad,"French, German",,4
Aberdeen,MA (hons) politics,https://www.abdn.ac.uk/study/undergraduate/degree-programmes/664/QL52/gaelic-studies-and-politics/,Year abroad,"French, Gaelic, German",,3
Aberdeen,MA (hons) politics American studies,https://www.abdn.ac.uk/study/undergraduate/degree-programmes/728/RL42/hispanic-studies-and-politics-5-years/,Year abroad,"Latin, Spanish",,1
Manchester,BA (hons) development studies,https://www.manchester.ac.uk/study/undergraduate/courses/2025/05130/baecon-development-studies/,,,,1
Manchester,BA (hons) politics & sociology,https://www.manchester.ac.uk/study/undergraduate/courses/2025/08829/bass-politics-and-sociology/,,,sociology,1
Manchester,BSocSc (hons) politics & international relations,https://www.manchester.ac.uk/study/undergraduate/courses/2025/00675/bsocsc-politics-and-international-relations/,,,,1
Manchester,BSc (hons) global development,https://www.manchester.ac.uk/study/undergraduate/courses/2025/20251/bsc-global-development/,,,,1
Manchester,BSc (hons) global development with international study,https://www.manchester.ac.uk/study/undergraduate/courses/2025/21403/bsc-global-development-with-international-study/,,,international study,1
Manchester,BSc (hons) international disaster management & humanitarian response,https://www.manchester.ac.uk/study/undergraduate/courses/2025/10113/bsc-international-disaster-management-and-humanitarian-response/,"Sandwich year, Year abroad","Chinese, French, Spanish",international disaster management & humanitarian response,4
Manchester,LLB (hons) law with politics,https://www.manchester.ac.uk/study/undergraduate/courses/2025/18869/llb-law-with-politics/,,,law,1
Manchester,BA (hons) politics & criminology,https://www.manchester.ac.uk/study/undergraduate/courses/2025/08832/bass-politics-and-criminology/,,,criminology,1
Manchester,BA (hons) politics,https://www.manchester.ac.uk/study/undergraduate/courses/2025/11167/ba-politics-and-russian/,"Sandwich year, Year abroad","Arabic, Chinese, French, German, Italian, Japanese, Portuguese, Russian, Spanish",,9
York,BA (hons) global development,https://www.york.ac.uk/study/undergraduate/courses/ba-global-development/,"Sandwich year, Year abroad",,,1
York,BA (hons) international relations,https://www.york.ac.uk/study/undergraduate/courses/ba-international-relations/,"Sandwich year, Year abroad",,,1
York,BA (hons) politics with international relations,https://www.york.ac.uk/study/undergraduate/courses/ba-politics-international-relations/,"Sandwich year, Year abroad",,,1
York,BA (hons) politics,https://www.york.ac.uk/study/undergraduate/courses/ba-politics/,"Sandwich year, Year abroad",,,1
York,BA (hons) social & political sciences,https://www.york.ac.uk/study/undergraduate/courses/ba-social-political-sciences/,"Sandwich year, Year abroad",,"social, political sciences",1
Liverpool,BA (hons) international relations,https://www.liverpool.ac.uk/courses/2025/international-relations-ba-hons,Year abroad,,,1
Liverpool,BA (hons) politics,https://www.liverpool.ac.uk/courses/2025/politics-ba-hons,Year abroad,,,1
Sussex,BA (hons) international relations,https://www.sussex.ac.uk/study/undergraduate/courses/international-relations-ba,"Foundation year, Sandwich year, Year abroad",,,1
Sussex,BA (hons) international relations with a language,https://www.sussex.ac.uk/study/undergraduate/courses/international-relations-with-a-language-ba,"Foundation year, Sandwich year, Year abroad",,,1
Sussex,BA (hons) international relations & sociology,https://www.sussex.ac.uk/study/undergraduate/courses/international-relations-and-sociology-ba,"Foundation year, Sandwich year, Year abroad",,sociology,1
Sussex,BA (hons) politics & international relations,https://www.sussex.ac.uk/study/undergraduate/courses/politics-and-international-relations-ba,"Foundation year, Sandwich year, Year abroad",,,1
Sussex,BA (hons) international development,https://www.sussex.ac.uk/study/undergraduate/courses/international-development-ba,"Foundation year, Sandwich year, Year abroad",,,1
Sussex,BA (hons) international development with a language,https://www.sussex.ac.uk/study/undergraduate/courses/international-development-with-a-language-ba,"Foundation year, Sandwich year, Year abroad",,,1
Sussex,BA (hons) politics,https://www.sussex.ac.uk/study/undergraduate/courses/politics-ba,"Foundation year, Sandwich year, Year abroad",,,1
Sussex,BA (hons) politics & sociology,https://www.sussex.ac.uk/study/undergraduate/courses/politics-and-sociology-ba,"Foundation year, Sandwich year, Year abroad",,sociology,1
Sussex,BA (hons) sociology & international development,https://www.sussex.ac.uk/study/undergraduate/courses/sociology-and-international-development-ba,"Foundation year, Sandwich year, Year abroad",,sociology,1
Sussex,LLB (hons) law with international relations,https://www.sussex.ac.uk/study/undergraduate/courses/law-with-international-relations-llb,"Foundation year, Sandwich year, Year abroad",,law,1
Sussex,LLB (hons) law with politics,https://www.sussex.ac.uk/study/undergraduate/courses/law-with-politics-llb,"Foundation year, Sandwich year, Year abroad",,law,1
Aberystwyth,BA (hons) international relations,http://www.aber.ac.uk/courses/?EZ4PBX,"Foundation year, Placement year, Sandwich year, Year abroad","French, German, Spanish, Welsh",,8
Aberystwyth,BA (hons) politics & international relations,http://www.aber.ac.uk/courses/?LE457T,,,,1
Aberystwyth,BA (hons) hanes / cysylltiadau rhyngwladol,http://www.aber.ac.uk/courses/?55RL7J,,,,1
Aberystwyth,BA (hons) politics,http://www.aber.ac.uk/courses/?WQ9L7C,,,,1
Aberystwyth,"BA (hons) strategy, intelligence & security",http://www.aber.ac.uk/courses/?EWR9GP,,,"strategy, intelligence, security",1
Aberystwyth,BSc (hons) sociology & politics,http://www.aber.ac.uk/courses/?FCNYJD,,,sociology,1
Aberystwyth,LLB (hons) law & international relations,http://www.aber.ac.uk/courses/?7TLT67,,,law,1
Swansea,BA (hons) international relations,https://www.swansea.ac.uk/undergraduate/courses/social-sciences/politics-philosophy-international-relations/ba-international-relations/,"Foundation year, Sandwich year, Year abroad",,,4
Swansea,BA (hons) international relations with modern languages,https://www.swansea.ac.uk/undergraduate/courses/social-sciences/politics-philosophy-international-relations/international-relations-with-modern-languages-ba/,"Sandwich year, Year abroad",,modern languages,3
Swansea,BA (hons) politics & international relations,https://www.swansea.ac.uk/undergraduate/courses/artsandhumanities/politics-and-international-relations/ba-politics-and-international-relations/,"Sandwich year, Year abroad",,,3
Swansea,LLB (hons) law with international relations,https://www.swansea.ac.uk/undergraduate/courses/law/llb-law-international-relations/,"Foundation year, Year abroad",,law,3
Swansea,LLB (hons) law in practice with international relations,https://www.swansea.ac.uk/undergraduate/courses/law/llb-law-practice-international-relations/,"Foundation year, Sandwich year",,law in practice,2
Swansea,BA (hons) politics,https://www.swansea.ac.uk/undergraduate/courses/social-sciences/politics-philosophy-international-relations/ba-politics/,"Foundation year, Sandwich year, Year abroad",,,4
UEA,BA (hons) global development,https://www.uea.ac.uk/course/undergraduate/ba-global-development-with-a-foundation-year/2025-26/sep,Foundation year,,,2
UEA,BA (hons) international relations with a year abroad,https://www.uea.ac.uk/course/undergraduate/ba-international-relations-with-a-year-abroad/2025-26/sep,Year abroad,,,1
UEA,BA (hons) international relations with a placement year,https://www.uea.ac.uk/course/undergraduate/ba-international-relations-with-a-placement-year/2025-26/sep,Sandwich year,,,1
UEA,BA (hons) global development with politics,https://www.uea.ac.uk/course/undergraduate/ba-global-development-with-politics/2025-26/sep,,,,1
UEA,BA (hons) global development with a year abroad,https://www.uea.ac.uk/course/undergraduate/ba-global-development-with-a-year-abroad/2025-26/sep,Year abroad,,,1
UEA,BA (hons) global development with a placement year,https://www.uea.ac.uk/course/undergraduate/ba-global-development-with-a-placement-year/2025-26/sep,Sandwich year,,,1
UEA,BA (hons) global development with politics with a year abroad,https://www.uea.ac.uk/course/undergraduate/ba-global-development-with-politics-with-a-year-abroad/2025-26/sep,Year abroad,,,1
UEA,BA (hons) politics,https://www.uea.ac.uk/course/undergraduate/ba-politics/2025-26/sep,,,,1
UEA,BA (hons) international relations & politics with a placement year,https://www.uea.ac.uk/course/undergraduate/ba-international-relations-and-politics-with-a-placement-year/2025-26/sep,Sandwich year,,,1
UEA,BA (hons) international relations,https://www.uea.ac.uk/course/undergraduate/ba-international-relations/2025-26/sep,,,,1
UEA,BA (hons) international relations & politics,https://www.uea.ac.uk/course/undergraduate/ba-international-relations-and-politics/2025-26/sep,,,,1
UEA,BA (hons) international relations & politics with a year abroad,https://www.uea.ac.uk/course/undergraduate/ba-international-relations-and-politicswith-a-year-abroad/2025-26/sep,Year abroad,,,1
UEA,BA (hons) global development with politics with a placement year,https://www.uea.ac.uk/course/undergraduate/ba-global-development-with-politics-with-a-placement-year/2025-26/sep,Sandwich year,,,1
UEA,BSc (hons) sustainable development,https://www.uea.ac.uk/course/undergraduate/bsc-sustainable-development/2025-26/sep,,,,1
UEA,BSc (hons) sustainable development with a year abroad,https://www.uea.ac.uk/course/undergraduate/bsc-sustainable-development-with-a-year-abroad/2025-26/sep,Year abroad,,,1
UEA,BSc (hons) sustainable development with a placement year,https://www.uea.ac.uk/course/undergraduate/bsc-sustainable-development-with-a-placement-year/2025-26/sep,Sandwich year,,,1
UEA,BA (hons) international relations & modern language,https://www.uea.ac.uk/course/undergraduate/ba-international-relations-and-modern-language/2025-26/sep,Year abroad,,modern language,1
Kent,BA (hons) politics & international relations with a year in continental Europe,https://www.kent.ac.uk/courses/undergraduate/2025/40/politics-and-international-relations-with-a-year-in-continental-europe,Year abroad,,,1
Kent,BA (hons) politics & international relations with a year in the asia-pacific,https://www.kent.ac.uk/courses/undergraduate/2025/2494/politics-and-international-relations-with-a-year-in-asia-pacific,Year abroad,,,1
Kent,BA (hons) politics & international relations,https://www.kent.ac.uk/courses/undergraduate/2025/31/politics-and-international-relations,,,,1
Kent,BA (hons) politics & international relations with a year in north America,https://www.kent.ac.uk/courses/undergraduate/2025/393/politics-and-international-relations-with-a-year-in-north-america,Year abroad,,,1
London Met,BA (hons) international relations & politics,http://www.londonmet.ac.uk/courses/undergraduate/international-relations-and-politics---ba-hons/,Foundation year,,,1
London Met,BA (hons) international relations,http://www.londonmet.ac.uk/courses/undergraduate/international-relations---ba-hons/,Foundation year,,,1
London Met,LLB (hons) law with international relations,http://www.londonmet.ac.uk/courses/undergraduate/law-with-international-relations---llb-hons/,"Foundation year, Sandwich year",,law,1
Edinburgh,MA (hons) international relations,https://www.ed.ac.uk/ug/L250,Year abroad,,,1
Edinburgh,MA (hons) politics,https://www.ed.ac.uk/ug/L200,Year abroad,"Arabic, French, German, Italian, Russian, Scandinavian, Spanish",,8
Edinburgh,MA (hons) sociology & politics,https://www.ed.ac.uk/ug/LL32,Year abroad,,sociology,1
Edinburgh,LLB (hons) law & international relations,https://www.ed.ac.uk/ug/ML1F,Year abroad,,law,1
Edinburgh,LLB (hons) law & politics,https://www.ed.ac.uk/ug/ML12,Year abroad,,law,1
Plymouth,BSc (hons) politics,https://www.plymouth.ac.uk/courses/undergraduate/bsc-politics,"Sandwich year, Year abroad",,,1
Plymouth,BSc (hons) international relations,https://www.plymouth.ac.uk/courses/undergraduate/bsc-international-relations,"Foundation year, Sandwich year, Year abroad",,,2
Plymouth,BSc (hons) politics & international relations,https://www.plymouth.ac.uk/courses/undergraduate/bsc-politics-and-international-relations,"Sandwich year, Year abroad",,,1
Nottingham,BSc (hons) Politics and International Relations - Quantitative Methods,https://www.nottingham.ac.uk/studywithus/ugstudy/courses/UG/Politics-and-International-Relations-Quantitative-Methods-BSc-Hons-U6UPIRQM.html,,,,1
Nottingham,BA (hons) international security studies,https://www.nottingham.ac.uk/studywithus/ugstudy/courses/UG/international-security-studies-ba-U6UINTSS.html,"Sandwich year, Year abroad",,,1
Nottingham,BA (hons) politics & international relations,https://www.nottingham.ac.uk/studywithus/ugstudy/courses/UG/Politics-and-International-Relations-BA-Hons-U6UPLTIR.html,Sandwich year,,,1
Nottingham Trent,BA (hons) international relations,https://www.ntu.ac.uk/course/social-sciences/ug/ba-hons-international-relations,Sandwich year,,,2
Southampton,BSc (hons) politics,https://www.southampton.ac.uk/courses/politics-degree-bsc,,,,1
Southampton,BSc (hons) international relations,https://www.southampton.ac.uk/courses/international-relations-degree-bsc,Sandwich year,,,1
Southampton,BSc (hons) politics & international relations,https://www.southampton.ac.uk/courses/politics-international-relations-degree-bsc,,,,1
Reading,BSc (hons) international development,https://www.reading.ac.uk/ready-to-study/study/subject-area/international-development-ug/bsc-international-development,"Sandwich year, Year abroad",French,,2
Reading,BSc (hons) international development with placement year,https://www.reading.ac.uk/ready-to-study/study/subject-area/international-development-ug/bsc-international-development-with-placement-year,Sandwich year,,,1
Reading,BA (hons) politics & international relations,https://www.reading.ac.uk/ready-to-study/study/subject-area/politics-ug/ba-politics-and-international-relations,"Foundation year, Sandwich year, Year abroad",,,1
Reading,BA (hons) politics & international relations with international foundation year,https://www.reading.ac.uk/ready-to-study/study/subject-area/international-foundation-programme-ifp-ug/ba-politics-and-international-relations-ifp-september,Foundation year,,,1
Reading,BA (hons) politics & international relations with placement year,https://www.reading.ac.uk/ready-to-study/study/subject-area/politics-ug/ba-politics-and-international-relations-with-placement-year,Sandwich year,,,1
Reading,BA (hons) modern languages & international relations,https://www.reading.ac.uk/discover/Ready-to-Study/study/subject-area/languages-and-cultures-ug/ba-modern-languages-and-international-relations,Year abroad,,modern languages,1
Reading,"BA (hons) war, peace & international relations",https://www.reading.ac.uk/ready-to-study/study/subject-area/politics-ug/ba-war-peace-and-international-relations,"Sandwich year, Year abroad",,"war, peace",1
Reading,"BA (hons) war, peace & international relations with placement year",https://www.reading.ac.uk/ready-to-study/study/subject-area/politics-ug/ba-war-peace-and-international-relations-with-placement-year,Sandwich year,,"war, peace",1
Reading,BA (hons) international development,https://www.reading.ac.uk/ready-to-study/study/subject-area/languages-and-cultures-ug/ba-spanish-and-international-development,Year abroad,Spanish,,1
Portsmouth,BA (hons) international relations & politics,https://www.port.ac.uk/study/courses/ba-hons-international-relations-and-politics,"Foundation year, Sandwich year, Year abroad",,,2
Portsmouth,BA (hons) international relations,https://www.port.ac.uk/study/courses/ba-hons-international-relations,"Foundation year, Sandwich year, Year abroad",,,2
Portsmouth,BA (hons) international development,https://www.port.ac.uk/study/courses/ba-hons-international-development,"Foundation year, Sandwich year, Year abroad",,,2
Northumbria,BA (hons) international relations & politics,https://www.northumbria.ac.uk/study-at-northumbria/courses/international-relations-and-politics-ba-hons-uusirp1/,"Foundation year, Sandwich year, Year abroad",,,1
SOAS,BA (hons) global development,https://www.soas.ac.uk/study/find-course/ba-global-development-and,"Foundation year, Year abroad","Arabic, Chinese, Japanese, Korean",,5
SOAS,BA (hons) international relations & global development,https://www.soas.ac.uk/study/find-course/ba-international-relations-and,Foundation year,,,1
SOAS,BA (hons) politics & global development,https://www.soas.ac.uk/study/find-course/ba-politics-and,Foundation year,,,1
SOAS,BA (hons) international relations & law,https://www.soas.ac.uk/study/find-course/ba-international-relations-and,Foundation year,,law,1
SOAS,BA (hons) international relations,https://www.soas.ac.uk/study/find-course/ba-international-relations,"Foundation year, Year abroad","Arabic, Chinese, Japanese, Korean",,5
SOAS,BA (hons) law & global development,https://www.soas.ac.uk/study/find-course/ba-law-and,Foundation year,,law,1
SOAS,BA (hons) politics,https://www.soas.ac.uk/study/find-course/ba-politics,"Foundation year, Year abroad","Arabic, Chinese, Japanese, Korean",,5
SOAS,BA (hons) politics & international relations,https://www.soas.ac.uk/study/find-course/ba-politics-and,Foundation year,,,1
SOAS,BA (hons) politics & law,https://www.soas.ac.uk/study/find-course/ba-politics-and,Foundation year,,law,1
Leeds,BA (hons) politics,https://courses.leeds.ac.uk/202526/f552/politics-ba,"Sandwich year, Year abroad",,,1
Leeds,BA (hons) international relations,https://courses.leeds.ac.uk/202526/a753/international-relations-ba,"Sandwich year, Year abroad",,,1
Leeds,BA (hons) modern languages & international relations,https://courses.leeds.ac.uk/202526/j042/modern-languages-and-international-relations-ba,"Sandwich year, Year abroad",,modern languages,1
Leeds,BA (hons) international development,https://courses.leeds.ac.uk/202526/f485/international-development-ba,"Sandwich year, Year abroad",,,1
Leeds,BSc (hons) social & political sciences,https://courses.leeds.ac.uk/202526/j441/social-and-political-sciences-bsc,"Sandwich year, Year abroad",,"social, political sciences",1
Leeds,BA (hons) global creative industries,https://courses.leeds.ac.uk/202526/i991/global-creative-industries-ba,"Sandwich year, Year abroad",,,1
Westminster,BA (hons) international relations,http://www.westminster.ac.uk/international-relations-ba,"Foundation year, Year abroad","Arabic, Chinese, French, Spanish",,6
Westminster,BA (hons) politics & international relations,http://www.westminster.ac.uk/politics-and-international-relations-ba,"Foundation year, Year abroad",,,2
Westminster,LLB (hons) law & international relations,https://www.westminster.ac.uk/law-and-international-relations-llb,"Sandwich year, Year abroad",,law,1
Royal Holloway,BA (hons) politics,https://www.royalholloway.ac.uk/studying-here/undergraduate/politics-and-international-relations/politics/,"Sandwich year, Year abroad",,,1
Royal Holloway,BA (hons) politics & international relations,https://www.royalholloway.ac.uk/studying-here/undergraduate/politics-and-international-relations/politics-and-international-relations/,"Sandwich year, Year abroad",,,1
Royal Holloway,BA (hons) international relations,https://www.royalholloway.ac.uk/studying-here/undergraduate/politics-and-international-relations/international-relations/,"Sandwich year, Year abroad",,,1
Royal Holloway,BA (hons) modern languages with international relations,https://www.royalholloway.ac.uk/studying-here/undergraduate/modern-languages-literatures-and-cultures/modern-languages-with-international-relations/,"Sandwich year, Year abroad",,modern languages,1
Royal Holloway,LLB (hons) law with international relations,https://www.royalholloway.ac.uk/studying-here/undergraduate/law/law-with-international-relations/,"Sandwich year, Year abroad",,law,1
Royal Holloway,LLB (hons) law with international relations with a year in industry,https://www.royalholloway.ac.uk/studying-here/undergraduate/law/law-with-international-relations-with-a-year-in-industry/,"Sandwich year, Year abroad",,law,1
Royal Holloway,BA (hons) politics & law,https://www.royalholloway.ac.uk/studying-here/undergraduate/politics-and-international-relations/politics-and-law/,"Sandwich year, Year abroad",,law,1
Royal Holloway,BA (hons) politics & law with a year in industry,https://www.royalholloway.ac.uk/studying-here/undergraduate/politics-and-international-relations/politics-and-law-with-a-year-in-industry/,"Sandwich year, Year abroad",,law,1
Royal Holloway,"BA (hons) politics, international relations",https://www.royalholloway.ac.uk/studying-here/undergraduate/politics-and-international-relations/politics-international-relations-and-modern-languages-french/,"Sandwich year, Year abroad","French, German, Italian, Spanish",,4
Cardiff,BScEcon (hons) international relations,https://www.cardiff.ac.uk/study/undergraduate/courses/course/international-relations-bscecon,,,,1
Cardiff,BScEcon (hons) international relations & politics,https://www.cardiff.ac.uk/study/undergraduate/courses/course/international-relations-and-politics-bsc-econ,,,,1
Leicester,LLB (hons) law with politics,https://le.ac.uk/courses/law-with-politics-llb/2025,Year abroad,,law,1
Leicester,BA (hons) politics & sociology,https://le.ac.uk/courses/politics-and-sociology-ba/2025,Year abroad,,sociology,1
Leicester,BA (hons) international relations,https://le.ac.uk/courses/international-relations-ba/2025,"Sandwich year, Year abroad",,,1
Leicester,BA (hons) politics,https://le.ac.uk/courses/politics-ba/2025,"Sandwich year, Year abroad",,,1
Leicester,BA (hons) politics & international relations,https://le.ac.uk/courses/politics-and-international-relations-ba/2025,"Sandwich year, Year abroad",,,1
"Queen's, Belfast",BA (hons) international relations,https://www.qub.ac.uk/courses/undergraduate/international-relations-conflict-studies-ba-l253/#overview,Year abroad,French,,2
"Queen's, Belfast",BA (hons) politics,http://www.qub.ac.uk/courses/undergraduate/politics-ba-l200/,Year abroad,"French, Irish, Spanish",,4
Greenwich,BA (hons) politics & international relations,https://www.gre.ac.uk/undergraduate-courses/ach/politics-and-international-relations-ba-hons,"Sandwich year, Year abroad",,,1
Oxford Brookes,"BA/BSc (hons) communication, media & culture & politics",https://www.brookes.ac.uk/courses/undergraduate/communication-media-and-culture-and-politics,Year abroad,,"communication, media, culture",1
Oxford Brookes,"BA/BSc (hons) communication, media & culture & international relations",https://www.brookes.ac.uk/courses/undergraduate/communication-media-and-culture-and-international,Year abroad,,"communication, media, culture",1
Oxford Brookes,BA/BSc (hons) criminology & politics,https://www.brookes.ac.uk/courses/undergraduate/criminology-and-politics,Year abroad,,criminology,1
Oxford Brookes,BA/BSc (hons) criminology & international relations,https://www.brookes.ac.uk/courses/undergraduate/criminology-and-international-relations,Year abroad,,criminology,1
Oxford Brookes,BA (hons) international relations & politics,https://www.brookes.ac.uk/courses/undergraduate/international-relations-and-politics,Year abroad,,,1
Oxford Brookes,BA (hons) politics & sociology,https://www.brookes.ac.uk/courses/undergraduate/politics-and-sociology,Year abroad,,sociology,1
Oxford Brookes,BA/BSc (hons) international relations & sociology,https://www.brookes.ac.uk/courses/undergraduate/international-relations-and-sociology,Year abroad,,sociology,1
Leeds Beckett,BA (hons) international relations with global development,https://www.leedsbeckett.ac.uk/courses/international-relations-ba/,Year abroad,,,1
Leeds Beckett,BA (hons) international relations with human rights,https://www.leedsbeckett.ac.uk/courses/international-relations-ba/,Year abroad,,human rights,1
Leeds Beckett,BA (hons) international relations with politics,https://www.leedsbeckett.ac.uk/courses/international-relations-ba/,Year abroad,,,1
Leeds Beckett,BA (hons) international relations,https://www.leedsbeckett.ac.uk/courses/international-relations-ba/,Year abroad,,,1
Leeds Beckett,BA (hons) politics,https://www.leedsbeckett.ac.uk/courses/politics-ba/,Year abroad,,,1
Leeds Beckett,BA (hons) politics with global development,https://www.leedsbeckett.ac.uk/courses/politics-ba/,Year abroad,,,1
Leeds Beckett,BA (hons) politics with human rights,https://www.leedsbeckett.ac.uk/courses/politics-ba/,Year abroad,,human rights,1
Leeds Beckett,BA (hons) politics with international relations,https://www.leedsbeckett.ac.uk/courses/politics-ba/,Year abroad,,,1
Bath Spa,BA (hons) international relations & politics,https://www.bathspa.ac.uk/courses/ug-international-relations-and-politics/,Year abroad,,,1
Bath Spa,BA (hons) international relations & politics with professional placement year,https://www.bathspa.ac.uk/courses/ug-international-relations-and-politics/,"Sandwich year, Year abroad",,,1
Bradford,"BA (hons) international relations, politics & security studies",https://www.bradford.ac.uk/courses/ug/international-relations-politics-security-ba/,Foundation year,,security studies,1
Chichester,BA (hons) politics & international relations,https://www.chi.ac.uk/department-humanities/undergraduate/ba-hons-politics-and-international-relations,,,,1
Chichester,LLB (hons) law with international relations,https://www.chi.ac.uk/law/course/llb-hons-law-with-international-relations/,Foundation year,,law,1
Coventry,BA (hons) international relations,https://www.coventry.ac.uk/course-structure/ug/fah/international-relations-ba-hons/?term=2025-26,"Sandwich year, Year abroad",,,1
Coventry,BA (hons) politics & international relations,https://www.coventry.ac.uk/course-structure/ug/fah/politics-and-international-relations/?term=2025-26,"Sandwich year, Year abroad",,,1
De Montfort,BA (hons) politics & international relations,https://www.dmu.ac.uk/study/courses/undergraduate-courses/politics-ba-degree/politics-ba-hons.aspx,"Sandwich year, Year abroad",,,1
East London,BA (hons) international development with NGO management,https://www.uel.ac.uk/undergraduate/courses/ba-hons-international-development-with-ngo-management,"Foundation year, Year abroad",,ngo management,1
East London,BA (hons) politics & international relations,https://www.uel.ac.uk/undergraduate/courses/ba-hons-politics-and-international-relations,Year abroad,,,1
East London,BA (hons) sustainable development & social change,https://uel.ac.uk/undergraduate/courses/ba-hons-sustainable-development-social-change,,,social change,1
London South Bank,BA (hons) politics & international relations,https://www.lsbu.ac.uk/study/course-finder/ba-hons-politics-international-relations#overview,,,,1
Newcastle,BA (hons) politics & sociology,http://www.ncl.ac.uk/undergraduate/degrees/ll32/,"Sandwich year, Year abroad",,sociology,1
Newcastle,BA (hons) politics,http://www.ncl.ac.uk/undergraduate/degrees/l200/,"Sandwich year, Year abroad",,,1
Newcastle,BA (hons) politics & international relations,http://www.ncl.ac.uk/undergraduate/degrees/l290/,"Sandwich year, Year abroad",,,1
Newcastle,BA (hons) international relations,http://www.ncl.ac.uk/undergraduate/degrees/l250/,"Sandwich year, Year abroad",,,1
Surrey,LLB (hons) law with international relations,https://www.surrey.ac.uk/undergraduate/law-international-relations/2025,"Foundation year, Sandwich year, Year abroad",,law,3
Surrey,"LLB (hons) law (philosophy, politics & law pathway)",https://www.surrey.ac.uk/undergraduate/law-philosophy-politics-and-law-pathway/2025,"Sandwich year, Year abroad",,"law (philosophy, politics & law pathway)",2
Surrey,BSc (hons) politics & sociology,https://www.surrey.ac.uk/undergraduate/politics-and-sociology/2025,"Sandwich year, Year abroad",,sociology,2
Surrey,BSc (hons) politics,https://www.surrey.ac.uk/undergraduate/politics/2025,"Foundation year, Sandwich year, Year abroad",,,4
Surrey,BSc (hons) international relations,https://www.surrey.ac.uk/undergraduate/international-relations/2025,"Sandwich year, Year abroad",,,2
Surrey,BA (hons) international relations,https://www.surrey.ac.uk/undergraduate/international-relations/2025,"Foundation year, Sandwich year, Year abroad",,,2
West London,BSc (hons) artificial intelligence,https://www.uwl.ac.uk/course/undergraduate/artificial-intelligence-foundation-year,Foundation year,,,1
West London,BA (hons) politics & international relations,https://www.uwl.ac.uk/course/undergraduate/politics-and-international-relations-foundation-year,Foundation year,,,3
Winchester,BA (hons) politics with international relations,https://www.winchester.ac.uk/study/undergraduate/courses/ba-hons-politics-with-international-relations,,,,1
